{
	"frequencies": {
		"хорь_NOUN": [107,
		"low"],
		"-беляк_ADV": [163,
		"mid"],
		"-русак_ADV": [175,
		"mid"],
		"putorius_X": [67,
		"low"],
		"ондатра_ADV": [231,
		"mid"],
		"mustela_PROPN": [319,
		"mid"],
		"варакушка_NOUN": [69,
		"low"],
		"осоед_NOUN": [77,
		"low"],
		"барсук_NOUN": [951,
		"mid"],
		"lutra_X": [96,
		"low"],
		"ходулочник_NOUN": [92,
		"low"]
	},
	"neighbors": [["-беляк_ADV",
	0.7383453845977783],
	["-русак_ADV",
	0.7176089286804199],
	["putorius_X",
	0.6987817287445068],
	["ондатра_ADV",
	0.6836633682250977],
	["mustela_PROPN",
	0.6819223165512085],
	["варакушка_NOUN",
	0.6772171854972839],
	["осоед_NOUN",
	0.673835813999176],
	["барсук_NOUN",
	0.6726846694946289],
	["lutra_X",
	0.6719676852226257],
	["ходулочник_NOUN",
	0.6694063544273376]],
	"vector": []
}